bucket_topic_number,bucket_topic,book_topic_number,book_topic,score
0,"network, packet, time, link, data, bit, tcp, router, connection, layer",1,Network Models and Protocols,0.269329296
1,"fiber, cable, twisted, twisted pair, modem, pair, copper, adsl, optical, wire",0,Introduction to Computer Networks,0
2,"dns, dns server, domain, query, record, server, edu, hostname, com, authoritative",7,DNS (Domain Name System),0.490630956
3,"mail, mail server, user agent, email, smtp, agent, transfer, folder, mailbox, user",2,Network Topologies and Architectures,0.103543084
4,"cipher, ciphertext, block, encryption, plaintext, key, decryption, block cipher, de, aes",22,Wireless Security,0.223863353
5,"fig, shown fig, fig example, shown, example fig, listed fig, illustrated fig, illustrated, listed, fig shown",0,Introduction to Computer Networks,0
6,"page, browser, web page, web, plug, url, display, plug in, in, html",24,Emerging Trends in Networking,0.27348499
7,"ack, retransmit, duplicate, retransmission, lost, segment, acks, timeout, retransmissions, duplicate acks",14,VLANs (Virtual LANs),0.166133393
8,"isps, isp, tier, access isps, tier isps, regional, provider, global transit, access isp, backbone",10,Network Security and Threats,0.140502039
9,"band, ghz, frequency, spectrum, mhz, frequency band, spread, spread spectrum, ism, ism band",0,Introduction to Computer Networks,0
10,"alice, bob, trudy, message alice, alice bob, message, talking, alice sends, message bob, suppose alice",0,Introduction to Computer Networks,0
11,"telephone, telephone network, telephone company, company, office, bell, end office, call, switched telephone, voice",19,Software-Defined Networking (SDN),0.293820391
12,"sdn, controller, plane, control plane, sdn controller, control, openflow, sdn control, opendaylight, networkcontrol",19,Software-Defined Networking (SDN),0.451053562
13,"agent, foreign, home agent, mobile node, foreign agent, mobile, coa, home, foreign network, node",19,Software-Defined Networking (SDN),0.293820391
14,"copyright, privacy, law, court, dmca, government, copyrighted, people, music, citizen",12,VPN (Virtual Private Network),0.136373025
15,"byte, length, header, field, length field, variable length, field byte, payload, header byte, option",0,Introduction to Computer Networks,0
16,"cache, caching, web cache, cached, proxy, object, web, cached copy, browser, copy",0,Introduction to Computer Networks,0
17,"protocol, new protocol, protocol protocol, protocol work, protocol simple, protocol handle, problem protocol, use protocol, network protocol, protocol word",14,VLANs (Virtual LANs),0.159243822
18,"satellite, earth, communication satellite, orbit, communication, altitude, ground, orbit satellite, leo, satellite satellite",0,Introduction to Computer Networks,0.291681385
19,"reliable, reliable data, data transfer, reliable data transfer, transfer, service, provides reliable, unreliable, delivery, data transfer service",16,Quality of Service (QoS),0.262339532
20,"important, detail, subtle, subtle important, simplicity, distinction, practice, important subtlety, practice important, unfortunately",0,Introduction to Computer Networks,0
21,"rfid, tag, reader, rfid tag, rfid reader, epc, backscatter, identifier, reader tag, gen",0,Introduction to Computer Networks,0
22,"mbps, gbps, mbps link, rate mbps, mbps mbps, rate, link, link mbps, oc, data rate",13,Network Routing and Switching,0.315448384
23,"cdn, cdn node, cdns, cluster, content, sydney, cdn server, akamai, node, ldns",2,Network Topologies and Architectures,0.103543084
24,"sip, invite, invite message, registrar, sip message, proxy, bob, yes, sends invite message, sip device",0,Introduction to Computer Networks,0
25,"header, header line, line, response, request message, http, message, response message, mime, http message",0,Introduction to Computer Networks,0
26,"datagram, datagrams, ipv datagram, datagram host, ipv, destination, ip datagram, send datagram, nat router, ip",5,TCP/IP Protocol Suite,0.466502386
27,"bucket, token, token bucket, leaky, leaky bucket, water, burst, rate, policer, bucket policer",0,Introduction to Computer Networks,0
28,"ethernet, classic ethernet, ethernet ethernet, classic, switched ethernet, switched, fddi, ethernet card, lan, technology",8,Ethernet and LAN Technologies,0.48701597
29,"udp, tcp udp, udp tcp, protocol udp, connectionless, transport protocol, transport protocol udp, transport, udp internet, tcp",5,TCP/IP Protocol Suite,0.297514792
30,"mpeg, compression, video, audio, mp, video compression, compress, quality, mpeg standard, mpeg mpeg",16,Quality of Service (QoS),0.223450066
31,"rfc, rfcs, defined rfc, rfc rfc, described rfc, defined, described, rfc rfc rfc, described rfcs, implementation",19,Software-Defined Networking (SDN),0.478414549
32,"subnet, subnets, subnet address, mask, subnet mask, prefix, support interface, address form, interface, interface subnet",0,Introduction to Computer Networks,0
33,"output port, port, input port, fabric, output, input, switching fabric, switching, port output port, port output",13,Network Routing and Switching,0.645213168
34,"ip address, ip, address, ip addressing, host ip address, host ip, host, address ip, host network, ip address ip",5,TCP/IP Protocol Suite,0.459179623
35,"firewall, filter, stateful, packet filter, control list, access control list, organization, rule, access control, stateful filter",19,Software-Defined Networking (SDN),0.274594552
36,"ssl, ssl record, record, tl, version ssl, ssl protocol, socket layer, ure, layer ssl, almostssl",4,Network Layers and the OSI Model,0.148049158
37,"key, bob, alice, public key, public, bob public, bob public key, session key, private key, encrypted",12,VPN (Virtual Private Network),0.147299702
38,"signature, digital signature, signed, digital, hash, document, private key, signed document, key, verifiable",12,VPN (Virtual Private Network),0.182963613
39,"parity, error, bit error, parity bit, bit, single bit error, single bit, row, detect, error occurred",20,Network Virtualization,0.139513709
40,"web, site, world wide web, wide web, search, world wide, popular, unpopular, netscape, world",0,Introduction to Computer Networks,0.11319699
41,"urity, web urity, url, urity urity, uris, urity problem, issue, uniform resource, urity web urity, internet urity",5,TCP/IP Protocol Suite,0.404643333
42,"multicast, group, multicasting, anycast, multicast routing, tree, member, multicast address, spanning tree, multicast spanning tree",13,Network Routing and Switching,0.387127901
43,"university, engineering, science, professor, mit, electrical engineering, inspired, professionally, inspired professionally, phd",0,Introduction to Computer Networks,0
44,"skype, voice, video, conference, voice video, conversational, conferencing, video conference, call, voip",0,Introduction to Computer Networks,0
45,"radio, microwave, interference, antenna, range, radio wave, range radio, microwave oven, oven, wave",0,Introduction to Computer Networks,0
46,"arp, arp query, arp table, mac address, mac, address arp, arp module, arp packet, arp cache, address",0,Introduction to Computer Networks,0
47,"congestion, congestion control, control, congestion control algorithm, control algorithm, congestion network, multiplicative, additive, decrease, congestion control mechanism",19,Software-Defined Networking (SDN),0.339675941
48,"congestion window, window, slow start, slow, congestion, cwnd, window size, ms, start, threshold",0,Introduction to Computer Networks,0
49,"data link, data link layer, link layer, frame, layer, link, network layer, frame arrives, linklayer, layer frame",4,Network Layers and the OSI Model,0.15903001
50,"data center, center, data, data center network, center network, cloud, google, container, greenberg, internet data center",13,Network Routing and Switching,0.2820801
51,"network layer network, layer network layer, layer network, network layer, layer, network, network network layer, network network, task, layer layer",4,Network Layers and the OSI Model,0.219694895
52,"fragment, fragmentation, reassembly, fragment fragment, offset, fragmentation reassembly, packet fragment, fragment packet, multiple fragment, offset field",20,Network Virtualization,0.139513709
53,"cdma, cdma code, code division, code division multiple, division multiple access, division multiple, code, umts, division, access cdma",20,Network Virtualization,0.120114568
54,"playout, video, block, freezing, client, consumption rate, prefetching, begin playout, consumption, continuous playout",2,Network Topologies and Architectures,0.103543084
55,"html, style, title, sheet, style sheet, tag, text, br, href, head",0,Introduction to Computer Networks,0
56,"service, transport, transport service, layer, layer service, transport layer, network layer, layer provides, service layer, service network",16,Quality of Service (QoS),0.268780179
57,"successor, node, finger, finger table, predecessor, node identifier, successor node, identifier, circle, node node",0,Introduction to Computer Networks,0
58,"section section, section section section, section, noted section additional, section shortly, section value, contains helpful record, different section section, contains helpful, section want review",2,Network Topologies and Architectures,0.103543084
59,"distance vector, neighbor, vector, distance, dv, distancevector, dv algorithm, update, node, new distance vector",0,Introduction to Computer Networks,0
60,"rtp, rtsp, rtcp, rtp packet, udp, rtp header, protocol rtp, real time, rtsp command, rtp rtp",5,TCP/IP Protocol Suite,0.125577329
61,"frame, frame length, column, us column, frame frame, format data, sonet frame, frame format, frame shown, vt us",13,Network Routing and Switching,0.315448384
62,"fdm, multiplexing, division, division multiplexing, frequency division, tdm, frequency division multiplexing, ofdm, frequency, fdm tdm",0,Introduction to Computer Networks,0
63,"blah, iv blah blah, iv blah, fine iv blah, fine iv, blah mod, blah blah mod, blah blah, fine, iv",0,Introduction to Computer Networks,0
64,"technology, industry, growth, innovation, company, technical, history, economic, century, economic growth",0,Introduction to Computer Networks,0.357189105
65,"example figure, figure, figure example figure, figure example, example figure example, figure consider, example, refer figure, figure refer, refer",2,Network Topologies and Architectures,0.103543084
66,"snr, modulation, noise, ratio, qam, ber, noise ratio, db, signal noise ratio, signal noise",0,Introduction to Computer Networks,0
67,"certificate, ca, revoked, ra, root, revocation, approved, certificate revoked, revoked certificate, ca ca",0,Introduction to Computer Networks,0
68,"header, ip header, ipv, ipv header, field, header field, option, header ipv, option field, field ip",5,TCP/IP Protocol Suite,0.466502386
69,"wireless, wireless network, wireless link, network wireless, wireless network wireless, type wireless network, wifi, type wireless, wireless hop, wireless communication",9,Wireless Networking,0.659345779
70,"clock, get sends, sends get sends, sends get, get sends get, tick, get, clock tick, current time, counter",0,Introduction to Computer Networks,0
71,"network network, network network network, network, cw net, cw, ee network, consider network shown, consider network, net, class network",19,Software-Defined Networking (SDN),0.293820391
72,"transportlayer segment, transportlayer, segment, transport layer, layer, network layer, segment transport, datagram, datagrams, transport",14,VLANs (Virtual LANs),0.138222244
73,"window, window size, sliding window, sliding, size, sliding window protocol, window protocol, receiver window, sender, receiver",0,Introduction to Computer Networks,0
74,"ipv, ipv ipv, ipv address, ip version, version ip, ipv bit, ipv protocol, adoption, bit ipv, version",5,TCP/IP Protocol Suite,0.466502386
75,"bgp, ebgp, ibgp, gateway, gateway router, bgp routing, gateway protocol, ebgp connection, ibgp connection, policy",13,Network Routing and Switching,0.387127901
76,"bank, credit, credit card, card, credit card number, card number, account, customer, gold, money",0,Introduction to Computer Networks,0
77,"ospf, routing, routing protocol, linkstate, ospf routing, protocol ospf, routing algorithm, weight, link weight, ospf bgp",13,Network Routing and Switching,0.387127901
78,"lan, lan lan, lan lan lan, lan figure, building, switched lan, soho, lan host, single, switched lan figure",8,Ethernet and LAN Technologies,0.626185903
79,"mobile, mobile host, mobile ip, mobile node, indirect, foreign network, indirect routing, foreign, correspondent, routing mobile",13,Network Routing and Switching,0.365695141
80,"application layer, layer application, application layer application, layer application layer, application, layer, application layer contains, network layer application, layer contains, layer proceeding",4,Network Layers and the OSI Model,0.15598454
81,"propagation, propagation delay, delay, propagation speed, transmission delay, speed, transmission, packet length, transmission rate, distance router",3,Network Devices and Hardware,0.122449083
82,"standard, international, standardization, iso, international standard, standard standard, itu, standard organization, organization, wear",0,Introduction to Computer Networks,0
83,"collision, detect collision, collide, node, collision node, colliding, involved collision, detects collision, slot, detect",0,Introduction to Computer Networks,0
84,"figure figure, figure figure figure, figure, figure let figure, figure iv figure, figure figure nonetheless, figure figure let, figure figure iv, figure nonetheless figure, figure iv",0,Introduction to Computer Networks,0
85,"transport layer, transport layer transport, layer transport, transport, layer transport layer, layer, transfer person, bag accomplished, layer transfer person, layer transfer",4,Network Layers and the OSI Model,0.148049158
86,"delay, average, estimate, average delay, internet delay, delay delay, delay let, total delay, total, estimate average",5,TCP/IP Protocol Suite,0.404643333
87,"network urity, urity, urity network, urity network urity, network urity network, network, casual network urity, making network ure, casual network, ure",19,Software-Defined Networking (SDN),0.293820391
88,"network fig, network shown, graph, network figure, consider network, figure, fig, wan, consider, network shown figure",19,Software-Defined Networking (SDN),0.293820391
89,"send packet, packet, packet sends packet, packet sends, sends packet sends, sends packet, send, sending packet, packet host, description packet format",0,Introduction to Computer Networks,0
90,"netflix, cdn, video, kankan, amazon, movie, streaming, amazon cloud, netflix video, netflix youtube",17,Cloud Computing and Networking,0.665093103
91,"figure shown figure, figure shown, shown figure shown, shown figure, shown, figure, indicated figure shown, manner shown figure, manner shown, instead shown figure",0,Introduction to Computer Networks,0
92,"xor, mod, arithmetic, modulo, remainder, modular arithmetic, fi, modular, pseudorandom sequence, pseudorandom",9,Wireless Networking,0.42052974
93,"rtt, rtts, congestion window, increase, ms rtt, time rtt, window, ms, wrtt, rtt congestion",0,Introduction to Computer Networks,0
94,"rdt, protocol rdt, rdt protocol, rdtsend, rdtsenddata, data transfer, reliable data transfer, reliable data, rdtrcv, reliable",13,Network Routing and Switching,0.315448384
95,"lost, duplicate, lost packet, packet lost, duplicate packet, packet, delayed, delayed duplicate, rtt packet, client lost",2,Network Topologies and Architectures,0.103543084
96,"streaming, medium, stored, video, stored medium, streaming stored, http streaming, streaming stored medium, live, streaming video",0,Introduction to Computer Networks,0
97,"bluetooth, bluetooth bluetooth, bluetooth protocol, bluetooth network, radio layer, bluetooth device, device, slave, master, version bluetooth",9,Wireless Networking,0.103934767
98,"dhcp, dhcp server, dhcp discover, dhcp client, lease, discover message, discover, dhcp request message, address dhcp, ip address",5,TCP/IP Protocol Suite,0.216962907
99,"mpls, mpls header, mpls network, ip packet, ip, network mpls, mplscapable, ip device, header, router mpls",5,TCP/IP Protocol Suite,0.442918641
100,"bittorrent, torrent, peer, tracker, cohen, swarm, chunk, peer peer, chunk peer, file distribution",2,Network Topologies and Architectures,0.207086167
101,"nonpersistent, persistent, persistent connection, parallel, request, connection, nonpersistent http, http, parallel connection, nonpersistent connection",0,Introduction to Computer Networks,0
102,"vlan, vlans, vlan aware, switch, vlan switch, aware, port, port belong, switch port, trunk",14,VLANs (Virtual LANs),0.210143967
103,"flag, flag byte, stuffing, byte, bit stuffing, byte stuffing, escape byte, escape, byte flag, byte flag byte",0,Introduction to Computer Networks,0
104,"ap, aps, wireless device, beacon, beacon frame, associate, device, wireless, association, ssid",9,Wireless Networking,0.652225229
105,"wfq, priority, robin, round robin, queueing, queue, class, weighted fair, discipline, weighted",0,Introduction to Computer Networks,0
106,"year, tom, tenure, government, wilson, candidate, tenure year, tom wilson, year wilson, wilson candidate",0,Introduction to Computer Networks,0
107,"flow, bandwidth, fairness, max min, min, allocation, bandwidth flow, bandwidth reserved, flow flow, max",6,IP Addressing and Subnetting,0.115404396
108,"al, et al, et, clark, et al example, al example, saltzer et, saltzer et al, saltzer, al information",0,Introduction to Computer Networks,0
109,"algorithm, nagle, converge, offered reward break, red algorithm, offered reward, right point, sophisticated algorithm, reward break, red",0,Introduction to Computer Networks,0
110,"ipsec, ipsec datagram, datagram, esp, sa, esp protocol, headquarters, payload, entity, payload ipsec",0,Introduction to Computer Networks,0
111,"hamming, code, convolutional, reed, solomon, reed solomon, convolutional code, error, hamming distance, solomon code",0,Introduction to Computer Networks,0
112,"port, port number, port reserved, number, reserved, port port, server port, server port number, called port, inetd",2,Network Topologies and Architectures,0.103543084
113,"cookie, amazon, susans, cookie header, susan, cart, cookie containing, identification number, setcookie, cookie file",0,Introduction to Computer Networks,0
114,"solution, problem, solve, problem problem, previous problem, problem interesting, solution consider, solution solution, solution chosen, problem approach",0,Introduction to Computer Networks,0
115,"nat, nat box, box, translation, address translation, address, ip address, problem nat, host nat, nats",5,TCP/IP Protocol Suite,0.466502386
116,"voip, voice ip, voice, voip application, voip example, peer peer traffic, peer traffic, voice ip packet, application voip, traffic voip",16,Quality of Service (QoS),0.420646148
117,"address, address space, address address, space, postal address, address field, postal, addressing, careof address, careof",6,IP Addressing and Subnetting,0.57702198
118,"virtual circuit, virtual, circuit, virtual circuit network, circuit network, circuit set, vc, network virtual circuit, circuit number, datagram network",20,Network Virtualization,0.45518581
119,"segment, lost segment, segment arrive, suppose segment, segment lost, lost, segment segment, segment contains, segment acknowledgment, segment acknowledged",14,VLANs (Virtual LANs),0.166133393
120,"sequence number, sequence, bit sequence number, number, bit sequence, sequence number field, number field, range sequence number, range sequence, field",0,Introduction to Computer Networks,0
121,"bandwidth, network bandwidth, bandwidth efficiently, higher class, version want watch, watch function, bandwidth approach, current available, function current available, current available bandwidth",19,Software-Defined Networking (SDN),0.293820391
122,"queuing delay, queuing, delay, queueing, queue, queueing delay, arrival rate, queuing delay packet, arrival, traffic intensity",16,Quality of Service (QoS),0.630315033
123,"alice isp, alice, isp, bob, bob ip address, bob ip, ip address, dns, server alice, trudy",5,TCP/IP Protocol Suite,0.393904985
124,"service, class service, besteffort, class, besteffort service, type service, differentiated service, differentiated, different class, service class",16,Quality of Service (QoS),0.439201458
125,"checksum, sum, complement, internet checksum, complement sum, checksum algorithm, complement arithmetic, computed, checksum computed, one complement",5,TCP/IP Protocol Suite,0.404643333
126,"rsa, rsa algorithm, algorithm, public key, rsa work, public, key algorithm, public key algorithm, key cryptography, key",13,Network Routing and Switching,0.109060931
127,"faster, efficiency, performance, improve performance, improve performance improve, performance improve, fixed determine, performance improve performance, determine efficiency, massively",23,Network Performance Optimization,0.73222505
128,"csma, csma cd, cd, collision, csma collision, csma ca, persistent csma, persistent, csma cd protocol, csma cd algorithm",0,Introduction to Computer Networks,0
129,"source port, port, port number, source port number, source, destination port, destination port number, nmap, source destination port, ip address port",5,TCP/IP Protocol Suite,0.466502386
130,"physical layer, physical, layer physical layer, layer physical, physical layer physical, layer, link layer physical, layer machine, applied, framing",2,Network Topologies and Architectures,0.224941172
131,"router, router router, natenabled, natenabled router, router gateway, free zone, cost router router, default free zone, router router cost, cost router",0,Introduction to Computer Networks,0
132,"access control sublayer, control sublayer, medium access control, medium access, sublayer, access control, control sublayer medium, sublayer medium, sublayer medium access, medium",19,Software-Defined Networking (SDN),0.238691915
133,"congestion control, tcp congestion control, congestion, tcp congestion, control, congestion control tcp, tcp, control tcp, tcp implement, avoidance fast",1,Network Models and Protocols,0.288596987
134,"quantization, sample, quantized, dct, bit sample, coefficient, sampling, analog, signal sampled, analog audio",0,Introduction to Computer Networks,0
135,"data link, data link layer, link layer data, link layer, layer data link, layer data, link, layer, data, data link network",13,Network Routing and Switching,0.18527614
136,"sequence number, initial sequence number, initial sequence, sequence, initial, number, segment, sequence number field, tcp sequence, segment containing",1,Network Models and Protocols,0.160489667
137,"wireless lan, lan, wireless, ieee, standard wireless lan, lan wireless lan, standard wireless, lan wireless, ieee wireless, wireless lan standard",9,Wireless Networking,0.464132759
138,"http, http protocol, hypertext transfer protocol, hypertext transfer, protocol http, http hypertext transfer, web, http hypertext, hypertext, transfer protocol",0,Introduction to Computer Networks,0
139,"flow table, flow table entry, table, flow, table entry, entry, action, controller, match, matchplusaction",0,Introduction to Computer Networks,0
140,"stack, protocol stack, protocol, layer protocol stack, stack protocol, protocol stack protocol, layer protocol, protocol protocol stack, stack layer, architecture protocol stack",4,Network Layers and the OSI Model,0.142984009
141,"acknowledgement, acknowledgement frame, frame, frame received, frame acknowledgement, piggybacked acknowledgement, received acknowledged, lost, frame get, bearing",0,Introduction to Computer Networks,0
142,"routing algorithm, routing, algorithm, way classify routing, way classify, classify routing algorithm, routing algorithm according, algorithm according, classify routing, centralized routing",13,Network Routing and Switching,0.387127901
143,"urity, encryption, encrypted, encrypt, urity mechanism, network urity, ure, end end, layer encryption, encryption urity mechanism",22,Wireless Security,0.298325601
144,"jitter, called jitter, network jitter, delay jitter, high jitter, networkinduced, low jitter, delay, networkinduced packet, reduce jitter",16,Quality of Service (QoS),0.134349506
145,"base station, base, station, cell, cell base, cell base station, mobile, base transceiver station, base transceiver, transceiver station",0,Introduction to Computer Networks,0
146,"php, javascript, script, cgi, language, vbscript, jsp, php script, html, cgi script",0,Introduction to Computer Networks,0
147,"prefix, longest, matching, longest prefix, longest matching, matching prefix, longest prefix matching, longest matching prefix, prefix matching, forwarding table",13,Network Routing and Switching,0.228731535
148,"step, figure step, shown step, step step, step shown, step figure, step illustrated figure, illustrated figure step, step illustrated, shown figure step",0,Introduction to Computer Networks,0
149,"hub, hub switch, switch, switch hub, hub hub, repeater hub, repeater, pair hub, router gateway, twisted pair",0,Introduction to Computer Networks,0
150,"buffer, buffer size, buffering, buffer management, sized buffer, size, sized, variable sized buffer, large circular, circular buffer",15,Network Management and Troubleshooting,0.521427911
151,"authentication server, authentication, ap, wireless client, protocol ap, authentication protocol ap, ap authentication, access point, eap, client ap",9,Wireless Networking,0.22550031
152,"release, released, connection, connection released, releasing connection, releasing, release connection, disconnect, symmetric release, symmetric",0,Introduction to Computer Networks,0
153,"applet, activex, java, activex control, java applet, jvm, interpreter, applet interpreted, applet trusted, javascript",19,Software-Defined Networking (SDN),0.318943033
154,"telnet, telnet session, telnet connection, gateway, external host, internal user, application gateway, character, initiate telnet, remote",12,VPN (Virtual Private Network),0.136373025
155,"cellular, cellular network, lte, network architecture, gsm, architecture, lte long, term evolution, long term evolution, lte long term",2,Network Topologies and Architectures,0.243283281
156,"ieee, acm, standard ieee, ieee ieee, ieee standard, standard, ieee acm, aspect ieee, ieee standard ieee, approved ieee",0,Introduction to Computer Networks,0
157,"icmp, icmp message, ping, echo, icmp message type, ccmp, icmp echo, use icmp, message type, icmp ping",5,TCP/IP Protocol Suite,0.124229398
158,"arpanet, arpa, robert, research, project, connected arpanet, original arpanet, dod, arpanet design, arpanet early",21,Network Design and Planning,0.627951385
159,"sender, sends message, sends message sends, message sends message, message, deliver message, message sends, message deliver, example want send, example want",0,Introduction to Computer Networks,0
160,"qos, guarantee, qos guarantee, flow, resource, qos requirement, admission, perconnection qos, requirement, quality service",16,Quality of Service (QoS),0.382323309
161,"book, chapter, author, reference, edney, interchangeably, encourage, term, use term, reader",14,VLANs (Virtual LANs),0.147237951
162,"cost, link cost, cost change, link, link cost change, dyx, cost link, link cost increase, cost increase, higher cost",0,Introduction to Computer Networks,0
163,"virus, malware, worm, malicious, infect, selfreplicating, virus worm, attachment, mobile code, executable",0,Introduction to Computer Networks,0
164,"msc, anchor msc, visited, anchor, visited msc, mobile, msc visited, home msc, msc anchor, msc anchor msc",0,Introduction to Computer Networks,0
165,"queue, queued, queue packet, transmission packet, packet, packet queue, transmitted, packet transmitted, end queue, packet currently transmitted",1,Network Models and Protocols,0.106009468
166,"checksum, pseudoheader, udp, header, internet checksum, checksum computed, computed, header checksum, udp checksum, checksum header",5,TCP/IP Protocol Suite,0.267664335
167,"tree, spanning tree, spanning, sink, sink tree, group, pruned, tree router, spanning tree use, spanning tree leftmost",14,VLANs (Virtual LANs),0.147237951
168,"forwarding table, forwarding, table, router forwarding table, router forwarding, forwarding table router, table router, link interface, entry, router",13,Network Routing and Switching,0.228731535
169,"syn, syn segment, segment, syn flood, segment client, client tcp, flood, tcp, special tcp segment, special tcp",1,Network Models and Protocols,0.246080646
170,"traceroute, traceroute program, traceroutes, trace, program, www traceroute, trace route, traceroute org, traceroute source, www traceroute org",0,Introduction to Computer Networks,0
171,"dtn, bundle, dtn node, dtns, bundle dtn node, bundle dtn, dtn architecture, storage, collection point, working",2,Network Topologies and Architectures,0.333643172
172,"sequence number, sequence, packet sequence, packet sequence number, number, packet sent, duplicate, sent packet sequence, nextseqnum, packet",0,Introduction to Computer Networks,0
173,"request, request reply, response, response message, reply, http, http response message, backtoback, client, request message",2,Network Topologies and Architectures,0.103543084
174,"snmp, managing, managing server, managed device, snmpv, managed, mib, pdu, network management, simple network management",15,Network Management and Troubleshooting,0.34376445
175,"tion, tions, following tions, tion look, tion tion, later tion, look, following, tion study, examine",0,Introduction to Computer Networks,0
176,"transportlayer protocol, transport protocol, transportlayer, transport, protocol provides, protocol, provides logical, element transport protocol, element transport, transport layer",2,Network Topologies and Architectures,0.292864066
177,"mobile web, mobile, web, mobile device, desktop, device, content, smartphone, mobile web content, mobile web web",0,Introduction to Computer Networks,0
178,"interconnected, collection, network network, internet, internetworks, internetwork, connected internet, internet connected, structure, connected",5,TCP/IP Protocol Suite,0.38704614
179,"section recall, recall, recall section, recall section recall, section recall section, section, recall discussion, section recall discussion, figure recall, figure recall section",0,Introduction to Computer Networks,0
180,"switching, circuit switching, packet switching, circuit, switching packet, switching packet switching, circuit switching packet, switching circuit switching, switching circuit, packet switching versus",13,Network Routing and Switching,0.645213168
181,"pixel, color, image, rgb, pixel pixel, bit pixel, eye, green, green blue, red green",0,Introduction to Computer Networks,0
182,"channel, signaling, channel allocation, signaling channel, allocation, use channel, allocation problem, single channel, channel channel, characteristic broadcast",6,IP Addressing and Subnetting,0.105420292
183,"udpclient, py, serverport, clientsocket, serversocket, socket, udpserver, bind, udpclient py, tcpclient",0,Introduction to Computer Networks,0
184,"gigabit, gigabit ethernet, ethernet, fast ethernet, mbps, fast, ethernet standard, compatibility, base ethernet, installed base",8,Ethernet and LAN Technologies,0.377585426
185,"ct, rts, rts ct, ct frame, rts ct frame, rts frame, frame, frame rts, frame rts ct, ack frame",0,Introduction to Computer Networks,0
186,"timer, tick, timer expires, reset, expire, timer set, expires, timer management, list, expiration",15,Network Management and Troubleshooting,0.327109715
187,"table, column table, column, note table, shown table, lookup, table shown table, numbered starting, table arrow, second column table",0,Introduction to Computer Networks,0
188,"input bit, output bit, bit output, output, bit, input, bit input, mapped, group bit, bit output bit",0,Introduction to Computer Networks,0
189,"client server, client, client code, clientserver application, look client, code client, client server model, client server program, server model, code",2,Network Topologies and Architectures,0.137977037
190,"tunnel, tunneling, ipv, paris, london, multiprotocol router, multiprotocol, ipv packet, router ipv, paris london",0,Introduction to Computer Networks,0
191,"ppp, aal, ppp frame, sonet, protocol ppp, hdlc, pointtopoint, frame format, payload, ppp framing",0,Introduction to Computer Networks,0
192,"crc, crc code, polynomial, cyclic redundancy check, redundancy check, cyclic redundancy, cyclic, crc byte, standard crc, crc bit",0,Introduction to Computer Networks,0
193,"vpn, private network, virtual private, virtual private network, vpns, private, virtual, public internet, vpns virtual private, vpns virtual",12,VPN (Virtual Private Network),0.490866154
194,"procedure, stub, server procedure, remote procedure, client stub, procedure client, server stub, called procedure, remote, calling",2,Network Topologies and Architectures,0.119561254
195,"tcp sender, loss, rate, congestion, loss rate, packet loss, tcp, sender, congestion path, sender decrease",1,Network Models and Protocols,0.396137741
196,"switch, linklayer switch, packet switch, linklayer, router linklayer switch, router linklayer, switch router, implement layer, tier switch, router",4,Network Layers and the OSI Model,0.148049158
197,"country, france, boston ma, sept, white plain, ma, florida, state state, boston, plain",0,Introduction to Computer Networks,0
198,"station, suppose station, numbered station, transmitting station, hearreceive, station transmitting station, transmits hearreceive, transmitting, numbered, station transmitting",0,Introduction to Computer Networks,0
199,"bridge, frame port, port, port bridge, frame bridge, frame, bridge frame, frame sent port, frame port output, output port bridge",0,Introduction to Computer Networks,0
200,"timeout, timeouts, timeout interval, timeout event, timeoutinterval, interval, event, interval timeout, timeout interval timeout, interval timeout event",0,Introduction to Computer Networks,0
201,"playout, playout delay, talk spurt, spurt, playout time, packet talk spurt, packet talk, scheduled playout, scheduled playout time, talk",0,Introduction to Computer Networks,0
202,"mac address, mac, adapter, address adapter, address, mac address adapter, address mac address, address mac, adapter mac, adapter mac address",0,Introduction to Computer Networks,0
203,"wimax, mobile wimax, wimax network, known wimax, fixed wimax, wimax fixed, fact wimax, wimax collision, wimax collision course, collision course",19,Software-Defined Networking (SDN),0.293820391
204,"source, destination, router advertisement, outgoing line, solicitation, source destination, destination network, routed source, routed source destination, packet routed source",19,Software-Defined Networking (SDN),0.293820391
205,"data rate, rate, overhead, rate adaptation, adaptation, tion overhead, gross, overhead generated checked, checked start, generated checked",13,Network Routing and Switching,0.315448384
206,"encoding, ascii, encoded, ascii character, require expensive hardware, decode message, encoding option, require expensive, instead encoding, expensive hardware",3,Network Devices and Hardware,0.612245413
207,"sequence number, window, sequence, number, sliding window, sliding, window protocol, range sequence number, range sequence, number respectively",0,Introduction to Computer Networks,0
208,"downstream, upstream, mbps downstream, upstream downstream, downstream mbps, mbps downstream mbps, downstream mbps upstream, mbps upstream, downstream channel, mbps",0,Introduction to Computer Networks,0
209,"sha, hash, hash algorithm, cryptographic hash, hash function, sha hash, cryptographic, function, sha developed, way hash",0,Introduction to Computer Networks,0
210,"quality service, quality, service, based quality, based quality service, flow based quality, support quality, support quality service, class based, flow based",16,Quality of Service (QoS),0.415733544
211,"collision, probability collision, equal probability collision, collision chosen, chosen equal probability, collision chosen equal, collision collision, equal probability, chosen equal, probability collision chosen",0,Introduction to Computer Networks,0
212,"mac address, mac, address field, address, contains mac, contains mac address, ap, address mac, mac address destination, wireless station",9,Wireless Networking,0.652225229
213,"fsm, fsm description, description, fsm figure, state fsm, extended fsm, rdt, initial state fsm, fsm specification, initial state",0,Introduction to Computer Networks,0
214,"frame, bit frame, bit, error, zero appended, frame zero appended, frame start end, frame zero, appended, frame start",0,Introduction to Computer Networks,0
215,"vlr, hlr, visited network, visited, roaming, mobile user, location register, location, roaming number, mobile",19,Software-Defined Networking (SDN),0.293820391
216,"authentication, authentication protocol, authorization, simple authentication, authentication authentication, mutual authentication, mutual, password, authenticate, authentication server",2,Network Topologies and Architectures,0.103543084
217,"communication, communication possible, communicate, communication people, communicate communicate, sending communication possible, sending communication, communicate communicate communicate, communication possible sending, possible sending communication",0,Introduction to Computer Networks,0.291681385
218,"spam, mail, spammer, junk, junk mail, spam email, mail spam, incoming mail, probably, likely spam",0,Introduction to Computer Networks,0
219,"tcp, tcp implementation, tcp us, ip product, ha et, al tcp, mail order, ha et al, tcp ip product, et al tcp",1,Network Models and Protocols,0.470897156
220,"forwarding, generalized forwarding, generalized, assured forwarding, assured, expedited forwarding, simple diffserv, simple diffserv network, section generalized forwarding, forwarding differ",13,Network Routing and Switching,0.231471589
221,"access protocol, multiple access, multiple access protocol, random access, access, random access protocol, random, channel partitioning, multiple, partitioning",10,Network Security and Threats,0.12237091
222,"connection, connection establishment, establishment, establishing connection, assume connection, connection management, flow process, flow process process, data flow process, establishing",4,Network Layers and the OSI Model,0.143534167
223,"case, case case, consider case, case likely, case consider case, case consider, professional, consider, likely, hardwired manufacturer case",0,Introduction to Computer Networks,0
224,"hot potato, potato, hot potato routing, potato routing, hot, route, bgp, routeselection algorithm, routeselection, bgp route",13,Network Routing and Switching,0.387127901
225,"tcp ip, model, ip model, tcp ip model, osi, reference model, tcp ip reference, ip reference, ip reference model, reference",1,Network Models and Protocols,0.64872561
226,"modem, cable modem, minislots, minislot, cmts, downstream channel, upstream, downstream, headend, cable",0,Introduction to Computer Networks,0
227,"application buffer, client application, client application buffer, buffer, client, server sends bit, sends bit, time ttf client, time ttf, sends bit constant",2,Network Topologies and Architectures,0.125564432
228,"web server, web, companion website, website, assignment, server, skeleton code, skeleton, companion, apache",2,Network Topologies and Architectures,0.103543084
229,"audio, low, high low, audio http, audio application, low low, low medium, http traffic, low high, audio packet",16,Quality of Service (QoS),0.394639633
230,"envelope, body, smtp, header, email, message, email address, recipient, ascii, header message",0,Introduction to Computer Networks,0
231,"label, flow label, path label, different label, label field, single label, set label, label switch, way network, removed",20,Network Virtualization,0.110878914
232,"samplertt, estimatedrtt, samplertt value, value, rtt, devrtt, estimatedrtt samplertt, sample, fluctuation, sample rtt",0,Introduction to Computer Networks,0
233,"consider figure, figure consider figure, consider figure consider, figure consider, consider, figure, learning feature nicely, insight consider, insight consider figure, learning feature",0,Introduction to Computer Networks,0
234,"aloha, slotted aloha, slotted, efficiency slotted aloha, efficiency slotted, efficiency, pure, pure aloha, maximum efficiency, maximum efficiency pure",21,Network Design and Planning,0.125590277
235,"handoff, base station, base, station, handover, old base station, old base, cell, new base, new base station",0,Introduction to Computer Networks,0
236,"ipv datagram, datagram format, ipv, ipv datagram format, datagram, format, version, section ipv datagram, section ipv, format ipv",0,Introduction to Computer Networks,0
237,"attack, bad guy, guy, security, network security, bad, do attack, do, prevalent, network attack",22,Wireless Security,0.483287198
238,"xml, xhtml, html, language, xhtml basic, xslt, called xhtml, html defined, xml document, extensible",19,Software-Defined Networking (SDN),0.478414549
239,"data sent, data transmitted, transmit data, data, transmit data sent, data soon, sender data, want send data, send data, want send",13,Network Routing and Switching,0.292222433
240,"gsm, mobile phone, phone, europe, mobile, european, gsm global, gsm global mobile, deployed, global mobile",0,Introduction to Computer Networks,0
241,"file, large file, file host, host sending, sending large file, sending large, host host, host, host tcp connection, file bit host",1,Network Models and Protocols,0.396137741
242,"congested link, share, bandwidth, equal, share link, congested, link bandwidth, share link bandwidth, bandwidth congested link, equal share link",0,Introduction to Computer Networks,0
243,"flooding, flood, link state update, state update, flooded, way setup, flooding requires, link state, router, write program",0,Introduction to Computer Networks,0
244,"handshake, threeway, way handshake, threeway handshake, way, handshake let, handshake protocol, way handshake way, small tcp segment, small tcp",1,Network Models and Protocols,0.345018026
245,"discus, discus discus, ter discus, tion discus, chapter discus, discus later ter, later ter discus, let discus, discus later, shortly discus",0,Introduction to Computer Networks,0
246,"ad hoc, hoc, ad, ad hoc network, hoc network, manet, network ad, network ad hoc, network manet, mobile ad hoc",19,Software-Defined Networking (SDN),0.293820391
247,"shortest path, shortest, path, compute shortest path, compute shortest, dijkstras, shortest path network, path network node, state state, dist",19,Software-Defined Networking (SDN),0.293820391
248,"probability, slot, probability node, slot probability, node, slot node, probability given, node transmits, slot exactly node, node success",0,Introduction to Computer Networks,0
249,"burst, burst error, burst length, error, burst error length, single burst, single burst error, length burst, error length, long burst",20,Network Virtualization,0.139513709
250,"form, post, method, post method, input type, age, html, body, method post, html body",0,Introduction to Computer Networks,0
251,"example let, example let look, let look, look example, let look example, let, look, example, simple example let, specific example let",4,Network Layers and the OSI Model,0.148049158
252,"host host, host, channel host, channel host host, host host request, host request, request channel host, suppose host, host suppose host, host request channel",0,Introduction to Computer Networks,0
253,"message, message message, want reply message, want reply, reply field, encapsulated message, reply message, reply, encapsulated, message id",0,Introduction to Computer Networks,0
254,"idle, channel idle, idle station, channel idle station, channel, sensed, channel sensed, station, channel sensed idle, sensed idle",0,Introduction to Computer Networks,0
255,"public key, public, key, key ring, ring, key ring contains, ring contains, public key user, public key ring, key user",13,Network Routing and Switching,0.112040382
256,"chip sequence, chip, sequence, chip sequence station, sequence station, station, orthogonal, transmit, transmit bit, station transmit",18,Internet of Things (IoT) and Networking,0.122490291
257,"illustrated figure, illustrated, figure illustrated figure, figure illustrated, figure, illustrated figure illustrated, figure looking, broad picture, looking figure, illustrated figure looking",0,Introduction to Computer Networks,0
258,"capacity receiver, sender, receiver, rate, sending rate, capacity, fast sender, send rate, network feeding, sending rate throughput",21,Network Design and Planning,0.519202307
259,"procedure, parameter, procedure described section, procedure described, pointer, described section, order information, iso adopting, mandated procedure certification, parameter command",0,Introduction to Computer Networks,0
260,"door, socket, client, serversocket, knock door, client knock door, client knock, knock, data pass, client process",2,Network Topologies and Architectures,0.099365963
261,"path, path length, path taken, path shown, path path, path run, path path change, multiple path equally, path shown suppose, path state",20,Network Virtualization,0.139513709
262,"id, signaturebased, signature, snort, signaturebased id, signature database, new attack, database, attack, id system",7,DNS (Domain Name System),0.367973217
263,"toll, office, toll office, ixc, lata, lecs, ixcs, latas, switching office, office toll office",13,Network Routing and Switching,0.645213168
264,"mtu, path mtu, mtu discovery, path mtu discovery, path, discovery, fragmented, path fragmentation, called path mtu, smaller mtu process",4,Network Layers and the OSI Model,0.148049158
265,"compression, decompressing, compression algorithm, later data, earlier data, decompressed, decompression, compression system, data decompressed, compressing data",13,Network Routing and Switching,0.291963729
266,"osi, osi model, model, osi reference model, osi reference, reference model, model minus, heavily influenced, heavily influenced osi, influenced osi",4,Network Layers and the OSI Model,0.405761923
267,"option, choice, choose option, choose, long tail anderson, electronically get, get dick luck, standard usually, easiest getting, thing choose",0,Introduction to Computer Networks,0
268,"ear, frequency, audibility, threshold audibility, hz, sound, db, threshold, masked, hz hz",0,Introduction to Computer Networks,0
269,"token, ring, token ring, ring protocol, token ring protocol, called token, predefined, token station, token passing, bus",2,Network Topologies and Architectures,0.103543084
270,"internet, internet internet, world internet, internetwork, internet application, internet information internet, material briefly, large nontrivial, mean internet, material briefly internet",5,TCP/IP Protocol Suite,0.400848333
271,"bursty, traffic, burst, burst traffic, floyd leland, scale paxson, scale paxson floyd, traffic bursty burst, bursty burst, range time",16,Quality of Service (QoS),0.630315033
272,"delay, packetization, processing delay time, connected router connected, delay time required, packet, packetization delay, connected router, packet experience, delay time",0,Introduction to Computer Networks,0
273,"error rate, bit error rate, bit error, error, wireless link, wired, wireless, error common, error common wireless, bit error common",9,Wireless Networking,0.652225229
274,"base station, base, wireless host, wireless, host associated, station, wireless host associated, host associated base, associated base, associated base station",9,Wireless Networking,0.652225229
275,"formula, infinity, approach infinity, formula let, formula let approach, let approach, let approach infinity, equation, dn, calculation",0,Introduction to Computer Networks,0
276,"kbps, speech, uncompressed, voice, uncompressed voice, digitized, pcmencoded, human speech, kbps left, digitized speech",0,Introduction to Computer Networks,0
277,"multipath, fading, multipath fading, path loss, multipath propagation, signal, faded, interference, called multipath fading, called multipath",0,Introduction to Computer Networks,0
278,"bridge, lan, multidrop, join, multidrop lan, lan bridge, bridged lan, bridged, classic ethernet use, bridge developed classic",8,Ethernet and LAN Technologies,0.686418877
279,"tcp ip, protocol tcp, tcp ip protocol, ip protocol, tcp, tcp protocol, tcpip, protocol, tcp internet, transmission control protocol",5,TCP/IP Protocol Suite,0.52431086
280,"process, client process, process server, process client, client process server, server process, session pair, process client process, session pair process, communication session pair",4,Network Layers and the OSI Model,0.139913189
281,"traffic, traffic destined, destined, originates unit traffic, node originates, node originates unit, originates unit, unit traffic destined, traffic destined node, destined node",16,Quality of Service (QoS),0.630315033
282,"design, property, worked long huge, large nonetheless, thing designer design, today look, majority population people, large nonetheless capture, make design, make design feasible",21,Network Design and Planning,0.627951385
283,"distribution time, distribution, minimum distribution, minimum distribution time, minimum, specify distribution scheme, scheme distribution time, distribution scheme distribution, scheme distribution, distribution scheme",0,Introduction to Computer Networks,0
284,"letter, plaintext, common letter, trigram, digram, th common, th common word, common, common word, english",0,Introduction to Computer Networks,0
285,"node, frame node, transmitting frame node, transmitting frame, node wait, channel node, transmitting, transmission node, node begin, node transmit",18,Internet of Things (IoT) and Networking,0.086613716
286,"wireshark, wireshark lab, lab, sniffer, packet sniffer, youll, lab youll, wireshark packet sniffer, screenshot, examines",0,Introduction to Computer Networks,0
287,"section described, discussion, described section, section described section, order discussion, section, debate, described, discussion section, insight",0,Introduction to Computer Networks,0
288,"method, method method, approach, niche let, method desirable practice, methods, method learned, method general, method general powerful, method technique widely",8,Ethernet and LAN Technologies,0.125861809
289,"networking, student want, recommendation student want, recommendation student, career, want career, student want career, want career science, career science networking, career science",24,Emerging Trends in Networking,0.431157134
290,"ond, ond strategy, ond requirement, onds, ond issue load, line onds, line onds ond, ond consideration process, mean needed, look different ond",4,Network Layers and the OSI Model,0.104686564
291,"encrypted, ek, plaintext, encrypting, intruder, message note, know key, plaintext message, message, decrypt",13,Network Routing and Switching,0.129042634
292,"internet radio, radio, iptv, radio station, radio television, live, television, internet radio station, television station, broadcast",5,TCP/IP Protocol Suite,0.404643333
293,"nonce, mics, nonce value, protocol us nonce, access point, us nonce, compute session, compute session key, use nonce, number protocol",14,VLANs (Virtual LANs),0.081383775
294,"sender figure, figure sender, figure receiver, figure, receiver figure, receiver, sender, figure sender receiver, figure sender figure, receiver shown figure",0,Introduction to Computer Networks,0
295,"advantage, benefit, strategy advantage advantage, advantage advantage, advantage benefit, strategy advantage, advantage scheme, strategy, drawback, left quietly",0,Introduction to Computer Networks,0
296,"router crash, crash, router, router discarded, havoc network, age, designated router, blown, havoc, discarded",19,Software-Defined Networking (SDN),0.293820391
297,"integrity, message integrity, confidentiality, message integrity technique, problem message integrity, integrity technique, message, confidentiality integrity, message confidentiality, problem message",0,Introduction to Computer Networks,0
298,"switch, connection switch, term bridge switch, switch interchangeably, bridge switch interchangeably, term bridge, look switch, connect switch, term, general term",18,Internet of Things (IoT) and Networking,0.122490291
299,"nrz, manchester, manchester encoding, encoding, return zero, non return, non return zero, nrzi, photon, taken indicate sent",0,Introduction to Computer Networks,0
300,"hop, time live, counter, time live field, live field, live, decremented, decremented hop, hop limit, reach zero",0,Introduction to Computer Networks,0
301,"area, border router, border, area border router, area border, backbone, destination area, backbone router, router, router area",0,Introduction to Computer Networks,0
302,"introduction introduction, introduction, introduction introduction introduction, introduction introduction medical, text schwartz provides, introduction better, understand let start, introduction busy, introduction busy introduction, introduction introduction appliance",0,Introduction to Computer Networks,0
303,"router figure, fig router, router fig router, router fig, figure note, router, figure router, router figure note, router component, figure note router",0,Introduction to Computer Networks,0
304,"analogy, analogy section, teacher student, clearer, teacher, introduced man, mail naturally, operation analogy, kid bicycle analogous, language worth",0,Introduction to Computer Networks,0
305,"address block, ispsrus, block address, block, isp, address, organization, allocated, address allocated, address block ispsrus",0,Introduction to Computer Networks,0
306,"army, blue army, blue, blue army attack, army attack, attack, army blue army, commander, army blue, white army",0,Introduction to Computer Networks,0
307,"tsap, tsap address, portmapper, stable tsap address, stable tsap, attache tsap, tsap host, known tsap, attache, stable",0,Introduction to Computer Networks,0
308,"social, social network, facebook, twitter, friend, online social, instagram twitter, facebook instagram twitter, facebook instagram, online social network",19,Software-Defined Networking (SDN),0.293820391
309,"security, security mechanism, danger information, danger information leaking, security flaw, information leaking, leaking, concern, danger, flaw",22,Wireless Security,0.547566761
310,"sonet, carrier, sonet sdh, packet sonet, sdh, synchronous, sts, simply convenient container, situation packet sent, single channel independent",20,Network Virtualization,0.139513709
311,"group, working group, working, divided working, committee, divided, divided working group, chairman, steering committee, steering",4,Network Layers and the OSI Model,0.148049158
312,"secure email, email, secure, pgp, email provides confidentiality, designing secure email, designing, designing secure, provides confidentiality, email provides",12,VPN (Virtual Private Network),0.5454921
313,"example example, example example example, example, exist course, flanagan numerous example, example example kleinrock, example example gave, example gave example, tobagi example example, example kleinrock tobagi",0,Introduction to Computer Networks,0
314,"nsf, nsfnet, backbone, nsfnet backbone, an, supercomputer center, merit, commercial, supercomputer, regional network",19,Software-Defined Networking (SDN),0.293820391
315,"analog, digital, digital transmission, adc, voltage, converter, acoustic wave, electrical voltage, analog signal, acoustic",3,Network Devices and Hardware,0.122449083
316,"switch, frame interface, filtering, forward frame, interface, frame switch, filtering forwarding, frame output buffer, frame host, forward",13,Network Routing and Switching,0.228731535
317,"jpeg, image, subsequent image, redundancy, decoding, encoding, decoding jpeg, frame separately, frame separately jpeg, subsequent image exactly",0,Introduction to Computer Networks,0
318,"beacon, sleep, ap, wake, beacon frame, buffered, buffered frame, frame node, node, ap buffer",0,Introduction to Computer Networks,0
319,"key, whitening key, whitening, key key, key management, work follows key, key respect, respect key work, key work area, key work",13,Network Routing and Switching,0.119479343
320,"ecn, congestion, explicit congestion notification, congestion notification, ece, explicit congestion, notification, explicit, ecn explicit congestion, ecn explicit",0,Introduction to Computer Networks,0
321,"slot, tdm, time slot, frame tdm, slot frame, time slot frame, tdm slot, time slot user, slot revolving, revolving",0,Introduction to Computer Networks,0
322,"gbn, gbn protocol, gbn sr, sr, gbn sr protocol, gobackn, sr protocol, errorrecovery mechanism, gobackn gbn, errorrecovery",0,Introduction to Computer Networks,0
323,"distance vector routing, vector routing, vector, distance vector, distance, routing, routing distance vector, routing distance, routing algorithm, bellman ford",13,Network Routing and Switching,0.387127901
324,"repeat, forever, line process, data point, process repeated, line, selective repeat, selective, repeated, determined",4,Network Layers and the OSI Model,0.14158663
325,"subtypes, subtype, type, subtype field, type subtype, zip, pdf, mixed, subtype allows, javascript zip",0,Introduction to Computer Networks,0
326,"value value, value, recommended value, use value, recommended, play value, relates use global, variable absolute, value devrtt come, value value fourth",14,VLANs (Virtual LANs),0.147237951
327,"nr, seq, expected, frame expected, seq nr, frame, event, ack, frame send, void",0,Introduction to Computer Networks,0
328,"ike, sa, ike sa, ipsec, ipsec sa, phase, ssl ike, exchange, internet key exchange, phase ike",5,TCP/IP Protocol Suite,0.253846721
329,"routing protocol, intradomain, interas, interdomain, interas intraas, routing, intraas, intraas routing protocol, interdomain routing, interas intraas routing",13,Network Routing and Switching,0.387127901
330,"ack, syn, syn ack, synack, ack segment, return ack segment, return ack, ack corresponds, client return ack, allocated resource",14,VLANs (Virtual LANs),0.148594224
331,"execute, program, executable program, executable, program running, routine, process, probably dont, machine asking trouble, machine asking",4,Network Layers and the OSI Model,0.148049158
332,"bridge, hash table, manual configuration, inside bridge, treatment bridge, manual, perlman, transparent, treatment, hash",14,VLANs (Virtual LANs),0.166133393
333,"file transfer, throughput file, throughput file transfer, throughput, transfer, file, transfer server client, file transfer server, transfer server, server client",2,Network Topologies and Architectures,0.138917624
334,"work, work work, job work, privilege guess paul, work rest want, work thing work, want watch work, work reported serjantov, work pay, work pay privilege",12,VPN (Virtual Private Network),0.136373025
335,"connectionless, connection oriented, oriented, connectionless service, connectionless network, oriented service, connection oriented service, layer connection oriented, network service, service",16,Quality of Service (QoS),0.437750775
336,"transmission, transmission method, pin, base station, way headend user, subscriber rigidly, technique briefly transmission, identical action, last transmission, station utilizes time",3,Network Devices and Hardware,0.122449083
337,"proxy, proxy proxy, cleartext, web site, proxy server, proxy server proxy, web proxy user, proxy user, proxy pool, site",12,VPN (Virtual Private Network),0.192860581
338,"cocktail party, party, cocktail, partygoer, talking, speak, analogy, partygoer speak, cocktail party analogy, party analogy",0,Introduction to Computer Networks,0
339,"reorder, order sent, reorder message, corrupt, channel, delivered order sent, corrupt reorder, corrupt reorder message, wire like, reorder packet",2,Network Topologies and Architectures,0.183532897
340,"suppose, xr suppose, xr, suppose ususuunn suppose, xr suppose xr, suppose suppose, suppose usndmin, suppose ususuunn, suppose usndmin suppose, suppose xr",0,Introduction to Computer Networks,0
341,"switch figure, switch table, uppermost switch figure, uppermost switch, uppermost, figure switch, switch, figure switch table, switch table uppermost, table uppermost",0,Introduction to Computer Networks,0
342,"wep, equivalent privacy, wired equivalent, wired equivalent privacy, stubblefield, equivalent, wep wired equivalent, wep wired, wired, privacy",12,VPN (Virtual Private Network),0.136373025
343,"network core, core, edge, network edge, edge network, end system, edge network core, network network core, network edge network, core network",19,Software-Defined Networking (SDN),0.160199009
344,"security, security service, security functionality, provide security, functionality, enjoy security service, enjoy security, blanket coverage, security provided, blanket",22,Wireless Security,0.514206126
345,"audio, audio video, video, sound, soundtrack, audio channel, moving picture, film, profile, video audio",0,Introduction to Computer Networks,0
346,"network performance, performance, measurement, measuring, network performance measurement, performance measurement, measure network performance, measurement network, network measurement, measure network",23,Network Performance Optimization,0.736313927
347,"kbps, ran, kbps kbps, bit kbps, older, mbps better low, kbps worth, kbps monaural, kbps mbps kbps, kbps limit situation",0,Introduction to Computer Networks,0
348,"receive receive, sent, sent faster version, sent perth complete, sent sent server, server sent faster, sent instead, sent received received, sent faster, sent email sent",2,Network Topologies and Architectures,0.103543084
349,"information, information information, hope information, hope information need, davie, information theory, information need, perkins, hope, kind anderson stuttard",0,Introduction to Computer Networks,0
350,"diffserv, phb, diffserv architecture, marking, diffservcapable, behavior, perhop behavior, edge, perhop, classification",2,Network Topologies and Architectures,0.209305871
351,"window, window update, update, sends window update, sends window, called window, window management tcp, window management, management tcp, window size",15,Network Management and Troubleshooting,0.420458712
352,"tree, zebra, tree tree, search begin, term standard, tree zebra, tree zebra tree, tree search begin, tree search, zebra tree",0,Introduction to Computer Networks,0
353,"capacity, capacity megabit, increase capacity, demand, megabit, pipe, filled capacity, practice hard generalize, follows possible increase, frame follows possible",21,Network Design and Planning,0.502361108
354,"discussed section, discussed section discussed, section discussed section, section discussed, discussed, section, dash discussed, dash discussed section, dash, wfq",0,Introduction to Computer Networks,0
355,"pp, peer, file, distributing file, pp file, distributing, pp file sharing, file sharing, architecture, consider distributing file",2,Network Topologies and Architectures,0.370574206
356,"answer, following question, answer following question, answer following, question, following question answer, question answer, answer question, following, question briefly",0,Introduction to Computer Networks,0
357,"fec, forward error correction, forward error, interleaving, fec interleaving, interleaving fec, error correction, correction, fec interleaving fec, correction fec",0,Introduction to Computer Networks,0
358,"protocol shown, fig protocol, protocol shown figure, protocol shown fig, fig figure, fig, protocol fig, protocol, diagram, protocol protocol",0,Introduction to Computer Networks,0
359,"sequence number, sequence, sequence number frame, number frame, frame, frame sequence, number, number checked, remembers sequence number, remembers sequence",0,Introduction to Computer Networks,0
360,"networking, design, network designer, innovation, change, network crucial component, networking continues, networking dessert, networking dessert technical, involved network design",21,Network Design and Planning,0.378296799
361,"content, content distribution, content distribution network, distribution network, distribution, content provider, contentprovider network, replicated content, build content distribution, contentprovider",19,Software-Defined Networking (SDN),0.293820391
362,"stopandwait, stop wait, wait protocol, wait, stop wait protocol, utilization, stop, stopandwait protocol, utilization sender, sender allowed",0,Introduction to Computer Networks,0
363,"code, advanced code, simple code, block code, balanced, codewords, codeword, advanced, us coding run, general case codewords",0,Introduction to Computer Networks,0
364,"udp, socket programming, clientserver application, udp client, clientserver, socket, udpserver, needed socket, clientserver application udp, programming",5,TCP/IP Protocol Suite,0.119133115
365,"acknowledgement, receipt, end acknowledgement, end end acknowledgement, called cumulative, called cumulative acknowledgement, acknowledged, cumulative acknowledgement, cumulative, correctly received",0,Introduction to Computer Networks,0
366,"joe, florida, orlando, gas station, drive, gas, lakeside, lakeside drive, tell joe, attendant",0,Introduction to Computer Networks,0
367,"true false, true, false, true false true, false true false, false true, true true, false problem, false general true, false general",0,Introduction to Computer Networks,0
368,"station, transmits frame, frame, station transmits frame, station transmits, frame station, transmitting frame, frame containing, transmits, numerical order fig",0,Introduction to Computer Networks,0
369,"ethernet frame, ethernet, frame ethernet, frame ethernet frame, baset, frame structure, frame, ethernet frame shown, ethernet frame structure, mac protocol frame",8,Ethernet and LAN Technologies,0.377585426
370,"mime type, mime, type, existing association, cs, display, type application, type browser, helper application, browser",0,Introduction to Computer Networks,0
371,"packet lifetime, lifetime, maximum packet lifetime, maximum packet, maximum, packet lifetime maximum, lifetime maximum, lifetime maximum packet, packet live, onds",0,Introduction to Computer Networks,0
372,"mobility, nomadic, situation laptop, gain access, situation, gain, network mobility design, need provide mobility, nomadic computing refers, moving network let",21,Network Design and Planning,0.413828596
373,"voice, voice data, digital voice, data traffic, voice ip, digitized, voice call, ip internet telephony, voice digital voice, voice ip internet",5,TCP/IP Protocol Suite,0.533433664
374,"sin, fourier, co, amplitude, bn, sine, sin sin, kft, co co, nft",0,Introduction to Computer Networks,0
375,"multiplexing, inverse multiplexing, inverse, multiplexing section, multiplexing inverse, multiplexing inverse multiplexing, called multiplexing, channel multiplexed, multiplexed, rate link",0,Introduction to Computer Networks,0
376,"message fig, fig message, message shown, fig message shown, fig, message fig message, shown fig message, message, message shown fig, message figure",0,Introduction to Computer Networks,0
377,"sends frame, trying send, frame, frame sender, reply frame, sending frame, trying send frame, trying, start sending, frame sent",0,Introduction to Computer Networks,0
378,"transmission rate, link transmission, rc, link transmission rate, transmission rate link, bps, rate, rate link, request channel bandwidth, link",3,Network Devices and Hardware,0.122449083
379,"ellen, dean, marilyn, letter, tom, letter message, dick, message digest, digest, dean letter",0,Introduction to Computer Networks,0
380,"session key, session, key, session key computed, key computed, generate, handshake, conversation, key setup handshake, key setup",13,Network Routing and Switching,0.129042634
381,"choke packet, choke, choke packet reach, required reduce, choke packet affect, hop pass, packet affect, packet reach, reduce flow, throttle",0,Introduction to Computer Networks,0
382,"replay attack, replay, attack, defend replay attack, defend replay, fail integrity, connection replay attack, connection replay, fail integrity check, trudys",0,Introduction to Computer Networks,0
383,"mpls, label, label switching, multiprotocol label, multiprotocol label switching, switching mpls, multiprotocol, mpls multiprotocol, label switching mpls, mpls multiprotocol label",13,Network Routing and Switching,0.645213168
384,"quantum, quantum cryptography, photon, cryptography, clone, clone photon, pad, time pad, quantum mechanic, way clone photon",24,Emerging Trends in Networking,0.124642602
385,"internet traffic, cisco, majority internet, traffic video, internet traffic video, cisco predicts, predicts, video, traffic, majority",16,Quality of Service (QoS),0.539494554
386,"multiple bit, padded, length, message bit, message padded, padding, length multiple bit, bit, length multiple, block bit",20,Network Virtualization,0.139513709
387,"access point, point, access, building access point, building access, access point access, point access point, point access, station access, station access point",10,Network Security and Threats,0.140502039
388,"follow, follow route, packet follow, route, packet follow route, path taken, path, packet flow, route packet, path source",0,Introduction to Computer Networks,0
389,"trudy, trudy trudy, trick, got, trudy indulging prank, na, na pa, trudy course seen, poor trudy trudy, poor trudy",0,Introduction to Computer Networks,0
390,"happens happens, happens happens happens, happens, happen, happen remains seen, actually happen remains, actually happen, bit embarrassment annoying, annoying happen, bit embarrassment",0,Introduction to Computer Networks,0
391,"tape, magnetic, ultrium tape, magnetic tape, ultrium, box, gigabyte, backup, resource printer tape, reused time physical",2,Network Topologies and Architectures,0.367065794
392,"host sends segment, sends segment, host sends, segment host, suppose host sends, suppose host, host, segment, segment host host, flow segment",14,VLANs (Virtual LANs),0.166133393
393,"public key, certificate, public, certification, key, certificate bind public, bind public, bind public key, certificate bind, bind",12,VPN (Virtual Private Network),0.116938904
394,"tollbooth, caravan, car, car caravan, car travel, highway, suppose car, kmhour, caravan stored, caravan stored tollbooth",0,Introduction to Computer Networks,0
395,"network management, software, subramanian, network application, management, hardware software, network general, hardware, softwaredefined networking, network software",3,Network Devices and Hardware,0.347084443
396,"army, war, army problem, soldier, war ii, world war, world war ii, battle, ii, role shaped field",0,Introduction to Computer Networks,0.106723146
397,"buffer, bd, offered load, ac, offered load approach, load approach, buffer router, finite, scheduling algorithm, offered",0,Introduction to Computer Networks,0
398,"sneaky, consumer, online, sale, product, buy, ad, want buy, place ad, tax",0,Introduction to Computer Networks,0
399,"bridge, spanning tree, spanning, tree, spanning tree bridge, tree bridge, root, lowest identifier, bridge choose, bridge choose bridge",0,Introduction to Computer Networks,0
400,"route, route route, lie, rest route discover, route exact, telling route, suddenly need, telling little, suddenly need route, route rest",0,Introduction to Computer Networks,0
401,"terminal, hidden terminal, terminal problem, hidden, hidden terminal problem, exposed terminal, exposed, terminal transmitting, problem, exposed terminal problem",0,Introduction to Computer Networks,0
402,"check bit, bit check bit, bit check, bit, bit bit, way get wrong, way get, version diff come, version diff, get wrong",0,Introduction to Computer Networks,0
403,"chunk, peer, chunk peer, torrent, copy chunk, time peer, chunk file, chunk size, subset, idea downloading",2,Network Topologies and Architectures,0.207086167
404,"nak, sender time, frame, eventually sender, eventually sender time, nak get, retransmission frame, timer, time retransmit, eventually",0,Introduction to Computer Networks,0
405,"udp streaming, streaming, udp, video, lose packet, client client, constant rate, audio video, available bandwidth, lose",5,TCP/IP Protocol Suite,0.088796581
406,"ethernet frame, ethernet frame containing, bob laptop, switch delivers, frame switch delivers, switch delivers frame, delivers frame, frame destination, mac address router, frame containing dhcp",8,Ethernet and LAN Technologies,0.377585426
407,"match, guarantee, guarantee hard, hard match short, given guarantee considering, match short unlikely, match short, match make fragile, match make, match assumed correctly",0,Introduction to Computer Networks,0
408,"finish, finish time, time packet, round, fi, packet finish, finish time packet, round start, time fi, ai",9,Wireless Networking,0.42052974
409,"message authentication code, authentication code, message authentication, mac, authentication code mac, code mac, authentication, hmac, hash, mac digital",0,Introduction to Computer Networks,0
410,"macroblock, previous frame, macroblocks, previous, macroblocks containing, position, position previous, macroblock encoded, implementation free, position previous frame",0,Introduction to Computer Networks,0
411,"checksum, checksummed, checksummed frame, checksum recomputed, valid frame, recomputed, frame, incorrect, frame arrives, format require copying",0,Introduction to Computer Networks,0
412,"close, close connection, wait connection, client close, connection wait connection, connection wait, connection, connection close, suppose client, connection process",2,Network Topologies and Architectures,0.092611749
413,"thermostat, appliance, laptop, console, home, smartphones, smart home, traffic control system, clock radio, home security system",7,DNS (Domain Name System),0.289137674
414,"power, power management, electrical power, management, battery, electrical, saving, save, power management operates, overload happens",15,Network Management and Troubleshooting,0.521427911
415,"dhts, hash table, distributed hash, distributed hash table, distributed, dht, hash, dhts distributed hash, dht distributed hash, dhts distributed",0,Introduction to Computer Networks,0
416,"gbps, mbps ethernet, mbps, gbps ethernet, ethernet, juniper mx, gbps ethernet port, server gbps, ethernet link rate, gbps access",8,Ethernet and LAN Technologies,0.36478389
417,"export, export license, license, government, use export, restriction, munition, law, country, cryptography",14,VLANs (Virtual LANs),0.147237951
418,"point point link, point link, pointtopoint, point, pointtopoint link, point point, view, broadcast channel, running party purpose, lower layer simply",4,Network Layers and the OSI Model,0.209373127
419,"error detection, detection correction, error detection correction, correction, detection, error, correction saw, detection correction saw, chapter error, chapter error detection",11,Firewall and Intrusion Detection Systems,0.525671264
420,"age seq, seq age, seq age seq, age seq age, age, seq, field convert, function add store, integer eval function, integer eval",0,Introduction to Computer Networks,0
421,"topology, topology shown, topology fig, view example, consider topology, fig topology, topology figure, topology shown figure, view, partial view",0,Introduction to Computer Networks,0
422,"dtrans, dtrans time, dprop, suppose dprop, time tdtrans, tdtrans bit, tdtrans bit packet, dtrans time tdtrans, bit packet suppose, tdtrans",0,Introduction to Computer Networks,0
423,"communication channel, underlying channel, channel, assumed error, communication channel assumed, assumed error free, channel assumed, channel assumed error, assumed, underlying",0,Introduction to Computer Networks,0.291681385
424,"kerberos, needham schroeder, schroeder, needham, authentication protocol, authentication, protocol needham, protocol needham schroeder, kdc, needham schroeder authentication",0,Introduction to Computer Networks,0
425,"transit, transit traffic, transit service, balance, balance load, want transit traffic, want transit, traffic, load, carry",16,Quality of Service (QoS),0.731103026
426,"id sensor, id, sensor, intrusion, suspicious, filter, packet filter, intrusion detection, network administrator, alert",11,Firewall and Intrusion Detection Systems,0.703750458
427,"multiplexing demultiplexing, demultiplexing, multiplexing, transportlayer multiplexing demultiplexing, transportlayer multiplexing, transportlayer, demultiplexing let, demultiplexing section, discus transportlayer, discus transportlayer multiplexing",0,Introduction to Computer Networks,0
428,"time lr, lr, entire packet, bit router, entire, destination time lr, bit shortly, receives bit router, transmits bit shortly, lr router",0,Introduction to Computer Networks,0
429,"saw section, saw section saw, section saw section, section saw, saw, section, recall saw section, viewed simultaneously saw, saw section technique, saw section recall",0,Introduction to Computer Networks,0
430,"shift keying, keying, shift, amplitude, phase, phase shift, phase shift keying, amplitude phase, shift keying different, keying different",2,Network Topologies and Architectures,0.103543084
431,"socket, network application, socket programming, berkeley, berkeley socket, socket programming assignment, programming, primitive, programming assignment, socket interface",19,Software-Defined Networking (SDN),0.293820391
432,"msec, second packet, packet msec, spacing, second packet msec, msec spacing, greater msec, packet make, second, msec cause",0,Introduction to Computer Networks,0
433,"come come, come, thing go resigning, thing go, big thing, big thing go, go leave, come came, come big, come big thing",0,Introduction to Computer Networks,0
434,"wireless, technical challenge, challenge, distinction challenge posed, distinction challenge, posed wireless, network mobility wireless, challenge posed wireless, posed wireless nature, communication link network",9,Wireless Networking,0.672159344
435,"buffer, receiver, dedicate, buffering, knowing, need buffer oforder, occasionally discarded, efficiency sufficient, receiver dedicate specific, oforder",4,Network Layers and the OSI Model,0.104686564
436,"array, state array, state, min, variable string array, rk array, variable string, string array, control structure, word array",19,Software-Defined Networking (SDN),0.318943033
437,"hash, hash function, hash hm, creates message, hm example sha, function alice, hash hm example, hash function alice, calculates hash hm, calculates hash",0,Introduction to Computer Networks,0
438,"case shown, figure case, case shown figure, shown figure case, case, figure case shown, case case shown, shown fig case, fig case, case case",0,Introduction to Computer Networks,0
439,"rack, simultaneous flow, host rack, simultaneous, flow, rack simultaneous, simultaneous flow rack, pair flow, different rack, rack simultaneous flow",2,Network Topologies and Architectures,0.103543084
440,"learned section, section learned section, section learned, learned section learned, learned, section, switch selflearning section, familiar ground learned, familiar ground, ground learned",0,Introduction to Computer Networks,0
441,"network layer ready, layer ready, network layer, ready event, layer ready event, void, event, cause network layer, cause network, ready",4,Network Layers and the OSI Model,0.203711892
442,"receiver, wait low power, initially receiver, interested knowing number, process called ranging, marked example periodic, million group, process happens, interval receiver marked, exit reverse",4,Network Layers and the OSI Model,0.148049158
443,"roundabout, car, exit, ramp, exit ramp, roundabout exit, attendant, interchange, road, car enters",0,Introduction to Computer Networks,0
444,"destination, address destination, destination ip, destination address, address destination source, address source, destination source, destination ip address, source, ip address source",5,TCP/IP Protocol Suite,0.466502386
445,"polling, master node, polling protocol, node, polling node, master, node cyclic manner, node roundrobin, polling delay, node polling",0,Introduction to Computer Networks,0
446,"zigbee, personal area network, personal area, zigbee network, bluetooth zigbee, bluetooth, personal, area network, ieee zigbee, area network bluetooth",19,Software-Defined Networking (SDN),0.129566825
447,"isolation, class, isolation class, providing isolation, traffic class, class traffic, insight, traffic, insight insight, providing isolation traffic",16,Quality of Service (QoS),0.630315033
448,"packet loss, loss, packet loss probability, loss probability, packet loss rate, loss rate, endtoend delay, lost, loss realize throughput, loss suppose link",0,Introduction to Computer Networks,0
449,"itu, tor, tor itu, itu tor, itu standard itu, itu agency united, member itu main, nation itu, nation itu tor, recommendation designed",0,Introduction to Computer Networks,0
450,"range, range range, older block range, range negligible, range present older, range present, range similarly dtrans, reserved range, reserved range range, seven time greater",4,Network Layers and the OSI Model,0.148049158
451,"packet containing, bit suppose, packet byte, containing, packet containing data, byte packet, containing data, byte, packet bit, bit long",13,Network Routing and Switching,0.315448384
452,"sublayer, mac sublayer, mac sublayer protocol, sublayer protocol, mac, mac common, common sublayer, mac common sublayer, transmission technique, land",3,Network Devices and Hardware,0.122449083
453,"peering, relationship, advertisement, peering relationship, transit peering, suppose peering, policy, peering agreement, route advertisement, transit",0,Introduction to Computer Networks,0
454,"aloha, slotted, slotted aloha, aloha protocol, slotted aloha protocol, pure, sense multiple, carrier sense multiple, sense multiple access, node",20,Network Virtualization,0.133797332
455,"metcalfe, boggs, metcalfe boggs, network metcalfe boggs, network metcalfe, david boggs, abramsons, david, bob metcalfe, original ethernet",8,Ethernet and LAN Technologies,0.303956571
456,"mapping, possible mapping, mapping possible mapping, mapping possible, example mapped, mapped, mapped balanced example, mapping given, mapping mapping, permutation specifies",0,Introduction to Computer Networks,0
457,"reverse path forwarding, reverse path, path forwarding, reverse, ln, forwarding, path, lack reverse, ln requiring, number router large",13,Network Routing and Switching,0.228731535
458,"context switch, kernel, context, receiving process, network manager, user space, manager, switch current user, trap kernel, switch current",4,Network Layers and the OSI Model,0.214370443
459,"drop packet, router drop packet, router drop, drop, important class, drop packet overloaded, difficult build router, difficult build, packet overloaded, build router drop",0,Introduction to Computer Networks,0
460,"ascii, character, ascii representation, letter uppercase, special character, letter, representation letter, ascii representation letter, representation, uppercase",0,Introduction to Computer Networks,0
461,"format, output format, output format long, format long unambiguous, format long, long unambiguous, select output format, select output, unambiguous, select",0,Introduction to Computer Networks,0
462,"pp, pp architecture, architecture, minimal reliance, architecture minimal reliance, pp architecture minimal, architecture application, architecture minimal, reliance, infrastructure server",2,Network Topologies and Architectures,0.342228627
463,"rtp, rtp stream, stream, audio video, rtp session, video, audio video stream, audio, session, stream transmitting",0,Introduction to Computer Networks,0
464,"adapter, aging time, address fefa, fefa, suppose frame destination, frame source address, aging, switch, suppose frame, source address",0,Introduction to Computer Networks,0
465,"cell, frequency, neighboring cell, frequency reused, reuse, neighboring, reused, conflict neighboring, conflict neighboring cell, frequency reuse",0,Introduction to Computer Networks,0
466,"server executes, executes, listen, establish connection, primitive, incoming connection, accept primitive, establish connection server, connection server, server executes listen",2,Network Topologies and Architectures,0.103543084
467,"common factor, number chosen, force suitable value, suitable value common, structure repeated field, unlucky number, represent space, field represent space, repeated field, force suitable",0,Introduction to Computer Networks,0
468,"wave, earth, band, lf mf band, mf band radio, band radio, wave follow, ionosphere, band radio wave, radio wave follow",0,Introduction to Computer Networks,0
469,"hop, metric, distance hop, execution instance, metric hop, packet node, execution, number hop, distance, algorithm",0,Introduction to Computer Networks,0
470,"blocked, traffic blocked, network allowed, host traffic, delivered host, traffic host, traffic, allowed, admission, host arriving traffic",16,Quality of Service (QoS),0.632024485
471,"movie, metafile, linked, step, medium player, player start reading, movie play movie, movie byte, movie actual movie, movie scratch file",0,Introduction to Computer Networks,0
472,"scenario, scenario shown figure, scenario shown, shown figure scenario, scenario figure, figure scenario, shown figure, figure, procedure figure, summary procedure",0,Introduction to Computer Networks,0
473,"broadcast, broadcast lan, connected broadcast, broadcast link, lan, represented, typically lan, host examined, form larger lansall, lan provides connectivity",8,Ethernet and LAN Technologies,0.629309044
474,"region, hierarchy, cluster, hierarchical routing, routing, level hierarchy, routing scale, region cluster, region router, router entry",13,Network Routing and Switching,0.387127901
475,"packet size, overhead, small packet, small packet size, bandwidth wasted, achieved, wasted, large packet reduces, large fraction link, ip header increasing",5,TCP/IP Protocol Suite,0.466502386
476,"routing table, initial routing table, initial routing, table, node initial, column figure, node initial routing, routing, routing table shown, table shown",13,Network Routing and Switching,0.387127901
477,"router router, packet source, packet make, hop, router, broadcast packet, packet arrived, received packet, router packet, hop host",0,Introduction to Computer Networks,0
478,"multimedia, multimedia networking, networking, support multimedia, chapter, multimedia application, multimedia networking foundation, networking foundation, networking exciting development, managing large network",24,Emerging Trends in Networking,0.36474414
479,"knapsack, weight, object, algorithm knapsack algorithm, object knapsack, list object, knapsack algorithm, algorithm knapsack, key algorithm knapsack, public key algorithm",13,Network Routing and Switching,0.11541924
480,"index, index distributed, distributed, peer, worth effort question, index way index, required search distributed, indexing algorithm, let indexing, searching node inefficient",2,Network Topologies and Architectures,0.207086167
481,"city, philadelphia, toronto hong kong, toronto hong, toronto, auckland, cover city, minneapolis, hong kong, kong",0,Introduction to Computer Networks,0
482,"error, error correcting code, correcting code, error correcting, correcting, code error, different error correcting, error extra point, lost inserted character, extra point line",2,Network Topologies and Architectures,0.103543084
483,"mechanism, studied section, machinery resolution, mechanism driven need, studied section foremost, necessary equal, sentence mechanism infrastructure, showed mechanism called, showed mechanism, need real operation",7,DNS (Domain Name System),0.091795109
484,"symbol, volt, represent bit, volt represent, bit volt, volt logical, volt represent bit, bit symbol, represent, send bit single",2,Network Topologies and Architectures,0.292864066
485,"movie, music, movie rental, sharing, music video, rental, file sharing, peer, music video conference, mp song dvd",2,Network Topologies and Architectures,0.207086167
486,"turn, processed turn wrong, problem way dealing, unecessary, urity perspective, unecessary turn block, unecessary turn, turn problem, pretty urity, pretty urity perspective",0,Introduction to Computer Networks,0
